Content_Type,Content_Length,Scroll_Depth,Time_Spent,Interaction_Count,Time_Of_Day,Day_Of_Week,Device_Type,Platform_Group
Text,-1.1248282378520922,1.255079366919222,-1.1184862091261363,-0.16354552835469452,Afternoon,Monday,Desktop,Other
Video,-1.0655611383449959,-2.149283778927676,-1.1087436407369398,-0.16354552835469452,Afternoon,Monday,Tablet,Video_Platform
Text,2.5971456111935485,1.255419837280843,-1.121751005979963,-1.2713575744361292,Afternoon,Monday,Mobile,Other
Video,-1.1248282378520922,-2.149283778927676,-0.9291020805180561,0.39036049468602285,Afternoon,Monday,Tablet,Video_Platform
Text,-1.392715527624167,1.255419837280843,-1.1276069114479375,0.021089812658877927,Afternoon,Monday,Mobile,Other
Text,-1.43775852324956,1.255419837280843,-1.1133039918978402,-0.7174515513954118,Afternoon,Monday,Desktop,Other
Text,-1.3476725319987737,1.2547388965576014,-1.1098319063548818,-0.7174515513954118,Afternoon,Monday,,Other
Text,-1.1248282378520922,1.255079366919222,-1.1403810769156872,0.021089812658877927,Afternoon,Monday,,Other
Text,-1.1556471295957822,1.255079366919222,-1.103794623283917,0.021089812658877927,Afternoon,Monday,Android Phone,Other
Video,-0.7621135888686635,-2.149283778927676,-0.4039361866025313,0.021089812658877927,Afternoon,Monday,iPhone,Video_Platform
Video,-0.6269846019924842,-2.149283778927676,-0.4570539131925661,-0.9020868924089843,Afternoon,Monday,Linux Desktop,Video_Platform
Video,-0.9541389912716551,-2.149283778927676,-1.0755774504758449,-0.7174515513954118,Afternoon,Monday,iPad,Video_Platform
Video,-0.660174177716458,-2.149283778927676,-0.3991944578386404,-0.7174515513954118,Afternoon,Monday,Chromebook,Video_Platform
Video,-0.5392692947219818,-2.149283778927676,-0.42761891933584434,-0.348180869368267,Afternoon,Monday,Linux Desktop,Video_Platform
Video,-0.7170705932432704,-2.149283778927676,-0.3886227346929164,-0.16354552835469452,Afternoon,Monday,Android Phone,Video_Platform
Video,-0.2974595287330294,-2.149283778927676,0.06482127278299062,-0.9020868924089843,Afternoon,Monday,Chromebook,Video_Platform
Video,-1.0442249825224412,-2.149283778927676,-0.8384132790228747,0.39036049468602285,Afternoon,Monday,Android Phone,Video_Platform
Video,-0.1765546457385532,-2.149283778927676,-0.07147104032119622,-0.16354552835469452,,Monday,Desktop,Video_Platform
Video,-0.4965969830768726,-2.149283778927676,-0.3853579378390898,0.021089812658877927,Afternoon,Monday,Desktop,Video_Platform
Text,-1.4567239950918307,1.2639315963213642,-1.1278660223093522,-0.5328162103818395,Afternoon,Monday,Tablet,Other
Text,-1.2623279087085553,1.2540579558343592,-1.1276328225340788,-0.7174515513954118,Afternoon,Monday,Mobile,News_Site
Text,-0.3614679962006933,1.255079366919222,-1.1085881742200907,0.20572515367245037,Afternoon,Monday,Desktop,Other
Text,-1.2386210689057169,1.255079366919222,-1.0999597825349778,-0.348180869368267,Afternoon,Monday,,Other
Text,-0.8071565844940566,1.255079366919222,-1.1334887280020534,-1.2713575744361292,Afternoon,Monday,Desktop,Other
Text,-1.4733187829538177,3.226743231065576,-1.1483616914472632,-1.0867222334225568,Afternoon,Monday,Desktop,News_Site
Text,-1.43775852324956,1.2520151336646346,-1.1385413897996421,0.39036049468602285,Afternoon,Monday,Desktop,Other
Text,-1.158017813576066,1.255079366919222,-1.0971872963178395,-0.16354552835469452,Afternoon,,Tablet,Other
Text,-1.392715527624167,1.2704005331921604,-1.1232797600623101,-0.9020868924089843,Afternoon,Monday,Mobile,Other
Video,-0.956509675251939,-2.149283778927676,-0.9797582539246503,-0.7174515513954118,Afternoon,Monday,Desktop,Video_Platform
Video,-0.5629761345248203,-2.149283778927676,-0.5013100483222146,0.021089812658877927,Afternoon,Monday,Tablet,Video_Platform
Video,-1.1200868698915245,-2.149283778927676,-0.8908832284593725,-1.2713575744361292,Afternoon,Monday,Mobile,Video_Platform
Video,-1.0750438742661312,-2.149283778927676,-1.064254305832018,-0.5328162103818395,Afternoon,Monday,Desktop,Video_Platform
Text,-1.1295696058126599,1.255079366919222,-1.140795654293951,-0.9020868924089843,Night,Tuesday,Android Phone,Other
Text,-1.1295696058126599,1.255079366919222,-1.1126043925720202,-0.16354552835469452,Night,Friday,iPhone,Other
Text,-1.4733187829538177,3.226743231065576,-1.1064634651564893,-0.7174515513954118,Evening,Friday,Linux Desktop,News_Site
Text,-1.158017813576066,1.255079366919222,-1.1313121967661692,-0.16354552835469452,Morning,Monday,iPad,Other
Text,-1.392715527624167,1.2704005331921604,-1.1361316587884844,0.39036049468602285,Morning,Friday,Chromebook,Other
Text,-1.361896635880477,1.255760307642464,-1.1353284151180985,-0.7174515513954118,Evening,Tuesday,Linux Desktop,Other
Text,-1.3713793718016123,1.2969572213985867,-1.112371192796747,0.39036049468602285,Night,Monday,Android Phone,Other
Text,-1.0489663504830091,1.255079366919222,-1.0980164510743669,-0.16354552835469452,Night,Thursday,Chromebook,Other
Text,-1.435387839269276,1.255419837280843,-1.0974464071792542,0.021089812658877927,Afternoon,Monday,Android Phone,Other
Text,1.0562010240090474,1.2418010228160086,-1.1089509294260715,-0.16354552835469452,Afternoon,Friday,Chromebook,Other
Text,-1.435387839269276,1.255419837280843,-1.1415211647059125,-1.0867222334225568,Evening,Friday,Smart TV,Other
Text,-0.5463813466628333,1.2823169958488905,-1.1315972187137253,0.20572515367245037,Night,Monday,iPad,Other
Text,-1.4259051033481407,1.2540579558343592,-1.1411843205860732,-0.7174515513954118,Evening,Monday,Linux Desktop,Other
Text,-0.9896992509759128,1.2588245408970513,-1.1278919333954938,-1.2713575744361292,Night,Tuesday,,Other
Text,-1.435387839269276,-0.6981990976996054,-1.1407179210355265,0.39036049468602285,Evening,Friday,Android Tablet,Other
Text,-0.3472438923189902,1.255419837280843,-1.132011796091989,-1.0867222334225568,Evening,,Linux Desktop,Other
Text,-0.14099438603429548,1.255079366919222,-1.1114643047817951,-0.348180869368267,Night,Wednesday,Windows Desktop,Other
Text,-1.466206731012966,1.255419837280843,-1.1278142001370692,-1.2713575744361292,Afternoon,Tuesday,Linux Desktop,Other
Text,-1.2433624368662846,1.7450162172916277,-1.1033023126472288,-1.0867222334225568,Morning,Wednesday,Android Phone,News_Site
Text,-1.2599572247282713,1.255419837280843,-1.1138999468790942,0.021089812658877927,Morning,Wednesday,Linux Desktop,Other
Text,-1.4282757873284246,1.255419837280843,-1.101695825306457,0.39036049468602285,Afternoon,Sunday,Windows Desktop,Other
Text,0.16245316344203697,1.2591650112586723,-1.1205331849313134,-0.348180869368267,Morning,Wednesday,Linux Desktop,Other
Text,-0.8498288961391658,1.261888774151639,-1.125430380212053,-0.7174515513954118,Night,Sunday,Smart TV,Other
Text,0.18141863528430774,1.2578031298121886,-1.1113088382649463,-0.348180869368267,Morning,Monday,Android Tablet,Other
Text,-1.0300008786407382,1.2547388965576014,-1.1008407594637883,-0.9020868924089843,Afternoon,Wednesday,Smart TV,Other
Text,-1.1864660213394722,-1.7972374250117154,-1.1069816868793192,0.39036049468602285,Evening,Saturday,Android Phone,Other
Text,-1.4638360470326823,1.255419837280843,-1.148672624480961,0.20572515367245037,Night,Thursday,Android Phone,Other
Text,-0.6886223854798642,1.255760307642464,-1.1118529710739173,-0.348180869368267,Afternoon,Sunday,Smart TV,Other
Text,-1.188836705319756,1.255760307642464,-1.106178443208933,0.39036049468602285,Afternoon,Sunday,Chromebook,Other
Video,-0.16944259379770166,0.46331116218060997,-0.6057576365585221,-0.5328162103818395,Afternoon,Friday,Linux Desktop,Other
Video,-0.15995985787656627,0.7556510298673353,-0.3115372534220122,-0.16354552835469452,Morning,,iPad,Other
Video,-0.9470269393308036,-0.14114427356840414,-0.6262533056964331,0.021089812658877927,Night,Wednesday,MacBook,Other
Video,-0.086468654487767,0.10726908350958463,-0.17648867245261637,0.20572515367245037,Night,Tuesday,Linux Desktop,Other
Video,-1.0205181427196028,0.8263626539932833,-0.9717517283069328,-0.348180869368267,Afternoon,Wednesday,Android Tablet,Other
Video,-0.35909731222040947,-0.19941813950506343,-0.5020096476480347,-1.2713575744361292,Afternoon,Monday,MacBook,Other
Video,-0.10543412633003778,-0.07523918836161385,0.12496090371736672,-1.2713575744361292,Afternoon,Thursday,MacBook,Other
Video,-0.6578034937361742,0.3658177679564014,-0.6045139044237311,-1.0867222334225568,Evening,Thursday,Smart TV,Other
Video,-0.6032777621896457,1.1725214551637184,-0.420804303680635,0.021089812658877927,Afternoon,Friday,Android Tablet,Other
Video,-0.6198725500516327,0.5725073705049281,-0.5401766775344352,-0.348180869368267,Afternoon,Saturday,Android Tablet,Other
Video,-0.5392692947219818,0.15234909476561867,-0.3356086524474474,-0.5328162103818395,Night,Wednesday,iPad,Other
Video,-0.28323542485132636,-0.1523993085392576,-0.2455935391919445,0.20572515367245037,Morning,Tuesday,iPad,Other
Video,-0.7763376927503666,0.057561153959739694,-0.6066386134873325,-0.5328162103818395,Evening,Saturday,Linux Desktop,Other
Video,-0.25952858504848786,0.965416957815813,-0.09836674773605286,-0.348180869368267,Evening,Tuesday,iPhone,Other
Video,-0.10069275836947009,1.2225887920366978,0.3022445550973755,-1.0867222334225568,Night,Friday,Linux Desktop,Other
Video,-0.9162080475871136,0.05808598459606356,-0.8102479283870855,-0.16354552835469452,Morning,Monday,iPhone,Other
Video,-0.09832207438918623,0.5727746645931369,-0.44218094974735633,-0.348180869368267,Morning,Friday,Android Tablet,Other
Video,-0.9422855713702358,0.1085604021331518,-0.9120784969231035,0.021089812658877927,Morning,Wednesday,Android Tablet,Other
Video,-0.9114666796265458,0.11423137282942117,-0.9086323224662866,-1.0867222334225568,Afternoon,Friday,iPad,Other
Video,-1.158017813576066,-0.09596722519507506,-0.9284543033645191,-0.9020868924089843,Morning,Tuesday,Chromebook,Other
Video,-1.2884054324916776,0.4678906223492628,-1.1059452434336599,-1.2713575744361292,Morning,Saturday,Smart TV,Other
Video,-0.4468126194909118,-0.13258095676055232,-0.1539719385956699,0.20572515367245037,Morning,Thursday,,Other
Video,-0.8284927403166112,1.063128139694829,-0.6191536680936675,-0.16354552835469452,Morning,Thursday,Smart TV,Other
Video,-0.3567266282401256,1.224825031333215,-0.3882081573146527,0.39036049468602285,Afternoon,Wednesday,Chromebook,Other
Video,-1.2907761164719613,0.8329530839674498,-0.9949680614896993,-0.7174515513954118,Morning,Thursday,Chromebook,Other
Text,-1.4756894669341016,4.855893911421352,-1.1436717848556552,0.39036049468602285,Morning,Thursday,Chromebook,Other
Video,-0.9138373636068298,0.843463159572966,-0.7336029355805864,-0.5328162103818395,Afternoon,Sunday,iPhone,Other
Video,-0.7881911126517858,-0.4263854360159725,-0.43769833184488033,-0.5328162103818395,Night,Sunday,Android Phone,Other
Video,-0.8711650519617204,0.060843672977273326,-0.8500991788726823,-0.5328162103818395,Morning,Wednesday,Android Phone,Other
Video,-0.4562953554120472,1.176974737697295,-0.19879811762043087,-0.5328162103818395,Evening,Wednesday,Linux Desktop,Other
Video,-0.37095073212182866,0.8382791874678482,-0.1430374602439651,0.021089812658877927,Night,Wednesday,Android Tablet,Other
Video,-0.2998302127133133,1.2252590980186568,-0.14837514398911006,-0.7174515513954118,Morning,Monday,Chromebook,Other
Video,-0.20737353748224321,-0.4279687324884957,-0.0881577797963096,-0.9020868924089843,Afternoon,Tuesday,MacBook,Other
Video,-0.335390472417571,0.42175480773525725,-0.4112949350667118,-0.16354552835469452,Morning,Tuesday,MacBook,Other
Video,-0.8118979524546243,1.121863124389512,-0.6860820035971114,0.021089812658877927,Night,Monday,iPad,Other
Video,-0.8901305238039913,-0.3999140339327803,-0.6798892540092976,-0.9020868924089843,Night,Thursday,iPad,Other
Video,-0.14099438603429548,0.3380553369899198,-0.5588844817285841,-1.2713575744361292,Evening,Wednesday,Chromebook,Other
Video,-0.17418396175826936,0.9548913829780248,-0.19146528024239196,-1.2713575744361292,Morning,Tuesday,MacBook,Other
Video,-0.15047712195543086,1.1815610886455967,-0.05851549725045602,-0.7174515513954118,Night,Wednesday,Linux Desktop,Other
Video,-0.629355285972768,0.5036369794522929,-0.7880939497361197,0.39036049468602285,Evening,Monday,Linux Desktop,Other
Video,-0.24530448116678477,0.2223299915278155,-0.2450753174691149,0.20572515367245037,Afternoon,Saturday,iPad,Other
Video,-0.1220289141920247,0.2550477101906843,-0.00907714489251145,-0.348180869368267,Afternoon,Saturday,Android Tablet,Other
Video,-1.1366816577535113,0.48710829214260076,-0.9672431993183151,-0.7174515513954118,Afternoon,Friday,Chromebook,Other
Video,-0.9446562553505198,0.06955324836212949,-0.7500305641942852,-0.7174515513954118,Evening,Saturday,Android Tablet,Other
Video,-0.553493398603685,0.4347613185994009,-0.5389588564857857,-0.7174515513954118,Morning,Tuesday,Android Tablet,Other
Video,-0.7550015369278119,0.501030840217037,-0.8693511158758023,0.39036049468602285,Evening,Thursday,Linux Desktop,Other
Video,-0.956509675251939,0.31863588573441504,-0.7479058551306836,-0.7174515513954118,Afternoon,,,Other
Video,-1.174612601438053,0.5977955005314619,-0.9057561919045822,-1.0867222334225568,Afternoon,Saturday,Android Tablet,Other
Video,-0.5345279267614141,0.25332921634226535,-0.2889427863066413,-0.9020868924089843,Night,Thursday,iPad,Other
Video,-0.2618992690287717,0.7829473092429073,-0.13352809163004176,-0.348180869368267,Night,Thursday,Chromebook,Other
Video,-1.1366816577535113,0.26757955395970356,-0.8201718743792724,0.021089812658877927,Evening,Tuesday,Smart TV,Other
Text,0.12689290373777926,1.250993722579772,-1.1059711545198012,-0.348180869368267,Morning,Monday,Windows Desktop,Other
Video,-0.4965969830768726,-2.149283778927676,-0.3899442000861319,0.20572515367245037,Night,Friday,iPhone,Video_Platform
Text,-0.28086474087104246,1.255419837280843,-1.1235647820098664,-0.9020868924089843,Afternoon,Wednesday,MacBook,Other
Video,-1.0537077184435768,-2.149283778927676,-0.8295775986486298,-0.7174515513954118,Evening,Tuesday,Android Phone,Video_Platform
Text,0.6555554313410772,1.2026469312296109,-1.110427861336136,-0.5328162103818395,Morning,Saturday,Linux Desktop,Other
Text,-1.1983194412408913,1.300361925014795,-1.12957615399469,-0.16354552835469452,Night,Sunday,Smart TV,Other
Video,-0.7573722209080958,-2.149283778927676,-0.6710794847211943,-0.348180869368267,Afternoon,Monday,Chromebook,Video_Platform
Text,-0.9493976233110875,1.255079366919222,-1.1415729868781954,-1.0867222334225568,Evening,Thursday,Android Tablet,Other
Video,-0.24293379718650093,-2.149283778927676,0.009371548440222609,0.021089812658877927,Morning,Friday,MacBook,Video_Platform
Text,-0.6127604981107811,1.2581436001738096,-1.134317882758581,-0.7174515513954118,Night,Wednesday,Windows Desktop,Other
Video,-0.8308634242968951,0.14850381398971343,-0.7033646980534788,-0.7174515513954118,Morning,Friday,iPad,Other
Video,-0.8616823160405851,0.11463993317772153,-0.7148433092141546,0.20572515367245037,Evening,Sunday,Linux Desktop,Other
Video,-0.26901132096962327,0.8002185835204568,0.09671781982315299,-0.16354552835469452,Evening,Saturday,Android Tablet,Other
Video,-1.0252595106801705,1.1141492726221451,-0.8586239262132294,0.021089812658877927,Evening,Monday,MacBook,Other
Video,-0.7455188010066766,0.30719426006752004,-0.7233421454685601,-0.5328162103818395,Evening,Friday,Linux Desktop,Other
Video,-1.0205181427196028,0.8056235413184885,-0.9389223821656771,-1.2713575744361292,Morning,Monday,iPhone,Other
Video,-0.14810643797514703,-0.2628729528081475,-0.6093592775321879,-1.2713575744361292,Night,Saturday,Android Phone,Other
Video,-0.20737353748224321,0.22368811690526955,-0.30829836765432717,-0.16354552835469452,Morning,Thursday,iPad,Other
Video,-1.0560784024238605,1.0055885144355823,-0.8846127456131342,-0.348180869368267,Morning,Friday,Windows Desktop,Other
Video,-0.8640530000208689,0.7830994422955312,-0.6920674644957935,-0.7174515513954118,Evening,Wednesday,Linux Desktop,Other
Video,-1.1295696058126599,-0.11008995962803333,-0.9810797193178658,-0.7174515513954118,Night,Saturday,Chromebook,Other
Video,-0.2618992690287717,0.08900297662548172,0.07062535607868224,-1.2713575744361292,Night,Friday,iPhone,Other
Video,-1.1983194412408913,-0.4261974483700368,-1.0383432196905376,-0.16354552835469452,Afternoon,Tuesday,Windows Desktop,Other
Video,-0.6838810175192965,-0.3699333680829741,-0.6630729591034769,0.021089812658877927,Afternoon,Thursday,Chromebook,Other
Video,-0.7739670087700827,0.10478048077162622,-0.8242658259896264,-1.0867222334225568,Morning,Saturday,Android Tablet,Other
Video,-0.5606054505445365,0.10192909086125417,-0.43614366667639143,-1.2713575744361292,Afternoon,Thursday,iPad,Other
Video,-1.158017813576066,0.7716808290203778,-1.027849229803238,-0.7174515513954118,Evening,Sunday,iPad,Other
Video,0.45878866097751786,0.35308638608442855,-0.03729431770058357,-1.0867222334225568,Morning,Thursday,Smart TV,Other
Video,0.26676325857452626,0.5284334127371552,0.5506023157634652,0.20572515367245037,Evening,Friday,Linux Desktop,Other
Video,1.2837866861162968,-0.27765000658677247,0.31299765584608985,-0.348180869368267,Morning,Monday,iPad,Other
Video,-0.6103898141304973,0.036547358989888604,-0.7944162547546411,0.021089812658877927,Evening,Monday,Android Phone,Other
Video,-0.08409797050748315,0.03387889631446754,0.29542993944216617,0.021089812658877927,Morning,Wednesday,Chromebook,Other
Video,-1.0584490864041445,-0.24170539699687377,-0.7886121714589494,-0.7174515513954118,Evening,Wednesday,iPhone,Other
Video,-0.4776315112346018,-0.4271574174925005,-0.4707349666752678,-1.2713575744361292,Night,Saturday,MacBook,Other
Video,-0.7052171733418512,-0.2793741365815576,-0.8499437123558334,-0.16354552835469452,Night,Friday,Windows Desktop,Other
Video,0.08422059209267001,-0.18545073309860235,-0.011512786989810602,-0.7174515513954118,Morning,Tuesday,Desktop,Other
Video,0.2525391546928232,1.006536002936,0.9683408465364124,-0.16354552835469452,Morning,Wednesday,Desktop,Other
Video,-0.06276181468492853,0.5615412402975469,0.08060112424315226,-1.0867222334225568,Morning,Thursday,Desktop,Other
Video,0.21697889498856546,0.5394106667921913,-0.34172366877683685,0.20572515367245037,Night,Friday,Mobile,Other
Video,-0.4041403078458025,0.041642998102505685,-0.502735158059996,0.021089812658877927,Night,Saturday,Mobile,Other
Video,-1.0489663504830091,1.0528399721164359,-0.7525957617222916,1.4981725407674578,Morning,Sunday,Desktop,Other
Video,1.8906817850689617,-0.8636676934473394,0.7961098569539921,0.021089812658877927,Afternoon,Monday,Tablet,Other
Video,1.234002322530336,0.09237308198401292,1.1374365946957135,-0.7174515513954118,Morning,Tuesday,Tablet,Other
Video,1.046718288087912,-1.464257411346522,0.7868595992014834,-0.348180869368267,Morning,Wednesday,Desktop,Other
Video,0.8594342536454881,-0.06662657689292496,1.620082396253069,2.052078563808175,Evening,Thursday,Desktop,Other
Video,0.40663361341127324,0.0995229595780506,-0.25269317679471015,-0.348180869368267,Evening,Friday,Tablet,Other
Video,-0.9920699349561967,0.33478797945805916,-0.7195073047196211,-0.348180869368267,Afternoon,Saturday,Mobile,Other
Video,0.5251678124254656,-0.36079296933334104,-0.017757358749907443,0.021089812658877927,Afternoon,Sunday,Mobile,Other
Video,-0.257157901068204,-1.4056965091477356,-0.014155717776241555,0.39036049468602285,Evening,Monday,Mobile,Other
Video,0.6697795352227803,-1.009729478582685,1.2779524148409618,1.6828078817810301,Morning,Tuesday,Tablet,Other
Video,-0.03194292294123851,0.754247464974949,0.19240746094364014,0.021089812658877927,Morning,Wednesday,Desktop,Other
Video,0.9210720371328681,0.7845493271592048,1.3690557937144068,-0.7174515513954118,Evening,Thursday,Mobile,Other
Video,1.0822785477921697,0.9132471238518868,0.2865424368956385,0.20572515367245037,Night,Friday,Mobile,Other
Video,0.6721502192030642,1.0572660868175072,-0.027137171933123212,0.20572515367245037,Night,Saturday,Mobile,Other
Video,-0.40888167580637025,0.20779253457348174,-0.2970529562689246,2.052078563808175,Afternoon,Sunday,Desktop,Other
Video,-0.5131917709388595,-1.4557456523060008,-0.7361940441947346,-1.0867222334225568,Night,Monday,Tablet,Other
Video,1.6796909108236993,-1.0192626487080687,2.159447565374125,0.20572515367245037,Evening,Tuesday,Mobile,Other
Video,-0.2618992690287717,-0.30461535966590053,0.3297880396657692,-1.0867222334225568,Night,Wednesday,Desktop,Other
Video,0.5678401240705748,0.8761358544352138,0.6967408416014147,1.8674432227946025,Evening,Thursday,Mobile,Other
Video,1.66783749092228,0.4474836691545612,2.6092899318763663,-0.16354552835469452,Evening,Friday,Tablet,Other
Article,1.7199925384885246,0.054240401482477364,0.2584807306044152,-1.2713575744361292,Evening,Saturday,Mobile,Other
Podcast,-1.1319402897929436,1.0418055524067429,-0.7902963920581456,-1.4559929154497018,Evening,Sunday,Desktop,Other
Podcast,-0.3022008966935971,-0.9812963649244868,-0.5992021317647276,-0.348180869368267,Afternoon,Monday,Mobile,Other
Podcast,-0.3472438923189902,0.3311718873274904,0.17901142940849488,1.1289018587403126,Afternoon,Tuesday,Tablet,Other
Podcast,0.3141769381802032,0.7112875953458829,0.6017248887206061,1.8674432227946025,Afternoon,Wednesday,Desktop,Other
Podcast,-0.335390472417571,0.03778335560580707,-0.00677105822591973,-0.16354552835469452,Morning,Thursday,Mobile,Other
Podcast,0.3544785658450286,-1.0231694317096265,0.9808559011427472,-1.0867222334225568,Night,Friday,Mobile,Other
Podcast,0.42796976923382785,0.36715576302372466,0.3954467319482806,2.2367139048217477,Morning,Saturday,Mobile,Other
Podcast,1.4781827724995722,1.0835480208896313,2.0245285398354365,-0.5328162103818395,Night,Sunday,Mobile,Other
Podcast,1.0562010240090474,0.8858539609111526,0.682671121826591,1.3135371997538852,Night,Monday,Tablet,Other
Podcast,1.1273215434175627,-1.7358576760811315,1.5859574958047393,0.5749958356995952,Afternoon,Tuesday,Desktop,Other
Podcast,1.0822785477921697,-0.4920218941930885,1.6658672854650647,-0.348180869368267,Afternoon,Wednesday,Mobile,Other
Podcast,1.5279671360855331,-0.20607632444307397,1.097352144434843,-1.2713575744361292,Night,Thursday,Desktop,Other
Podcast,-0.40888167580637025,0.07458394513656032,0.19002364101862404,1.8674432227946025,Evening,Friday,Mobile,Other
Podcast,-0.25952858504848786,-0.5092744919689514,0.07127313323221925,2.052078563808175,Morning,Saturday,Tablet,Other
Podcast,1.3454244696036768,-0.06634604735987856,0.8898820777000097,1.1289018587403126,Evening,Sunday,Mobile,Other
Podcast,0.5417626002874525,-1.2235937803764931,-0.25093122293708947,-0.16354552835469452,Night,Monday,Mobile,Other
Podcast,-0.05802044672436083,-1.953211449452539,-0.22315453859342255,1.4981725407674578,Night,Tuesday,Desktop,Other
Podcast,0.9732270846991128,-0.5694749547294004,0.9557739697577943,2.052078563808175,Afternoon,Wednesday,Tablet,Other
Podcast,-0.2666406369893394,-1.3553629441992499,-0.05483612301836576,-0.16354552835469452,Morning,Thursday,Tablet,Other
Podcast,0.017841440644722283,-1.4994989271686296,0.1698907270866938,-0.9020868924089843,Night,Friday,Desktop,Other
Podcast,-0.42310577968807334,-1.3082830471503244,0.1708494372739286,-0.16354552835469452,Night,Saturday,Mobile,Other
Podcast,0.5939176478536972,-0.5288702588654545,0.7516723442213532,0.39036049468602285,Afternoon,Sunday,Mobile,Other
Podcast,1.1510283832204014,-0.9298841221167842,0.6926728010772024,0.021089812658877927,Morning,Monday,Tablet,Other
Podcast,0.5583573881494395,-1.6342178713887412,0.3929592676786984,-1.2713575744361292,Evening,Tuesday,Tablet,Other
Podcast,-0.8545702640997336,1.1717944426720832,-0.5944344919146952,0.021089812658877927,Morning,Wednesday,Mobile,Other
Reel,0.09133264403352155,0.35623761224017314,0.30794499404850134,0.021089812658877927,Night,Thursday,Mobile,Other
Reel,0.35684924982531246,-0.13301829740899118,0.14400555203135487,1.8674432227946025,Night,Friday,Tablet,Other
Reel,0.5630987561100071,0.37121830815149054,0.9031744648905892,-0.5328162103818395,Night,Saturday,Mobile,Other
Reel,0.7029691109467542,-1.1748576039687981,1.2201188705731774,1.8674432227946025,Night,Sunday,Tablet,Other
Reel,0.39240950952957016,-0.49698111398168177,-0.26956129387281386,1.4981725407674578,Afternoon,Monday,Tablet,Other
Reel,0.5417626002874525,0.6565324711897643,-0.3031938836844555,-0.5328162103818395,Night,Tuesday,Tablet,Other
Reel,-0.2784940568907586,-0.9685325648265617,0.11425962514093532,1.6828078817810301,Night,Wednesday,Mobile,Other
Reel,-0.7123292252827027,-0.9664897426568365,-0.7612241534074045,-0.9020868924089843,Night,Thursday,Tablet,Other
Reel,0.04154828044756075,0.024619480021463334,-0.34447024390783376,-0.7174515513954118,Evening,Friday,Tablet,Other
Reel,-0.7526308529475281,0.9803197850911947,-0.425546032444526,1.6828078817810301,Morning,Saturday,Mobile,Other
Reel,1.4758120885192885,0.6112499130941911,1.1614302604627242,-0.9020868924089843,Morning,Sunday,Mobile,Other
Reel,-0.43021783162892485,1.2319273823290042,-0.6669596220246988,-1.0867222334225568,Evening,Monday,Desktop,Other
Reel,1.1178388074964274,0.7743352163105793,1.0438975737249692,0.20572515367245037,Evening,Tuesday,Desktop,Other
Reel,1.7365873263505116,-0.8806912115283819,1.630990963518632,-1.0867222334225568,Night,Wednesday,Tablet,Other
Video,1.3596485734853798,-1.0771426101836135,0.6668653592802878,-1.2713575744361292,Evening,Thursday,Desktop,Other
Video,1.3928381492093538,-0.8177041946285243,0.560241239808096,0.9442665177267402,Morning,Friday,Tablet,Other
Video,1.200812746806362,-0.714882145419027,1.0430684189684418,-0.16354552835469452,Evening,Saturday,Mobile,Other
Video,0.42085771729297633,-0.6358930215229893,1.1679857652565186,0.021089812658877927,Afternoon,Sunday,Desktop,Other
Video,-0.506079718998008,-0.2549066868692561,-0.6398048037484274,0.5749958356995952,Afternoon,Monday,Desktop,Other
Video,-0.9968113029167643,-0.17047003718728493,-0.5999017310905476,0.021089812658877927,Evening,Tuesday,Mobile,Other
Video,0.7764603143355534,0.3150406984840498,0.3405670515006252,0.20572515367245037,Evening,Wednesday,Mobile,Other
Video,-0.4823728791951695,0.19859983480971838,-0.24020403327451662,-0.5328162103818395,Evening,Thursday,Desktop,Other
Video,1.5469326079278038,-0.8112352577577282,0.45050778999892643,1.3135371997538852,Afternoon,Friday,Mobile,Other
Video,1.4758120885192885,-0.7169249675887521,0.2873456805660243,0.20572515367245037,Night,Saturday,Desktop,Other
Video,0.06525512025039923,0.7150933733885507,0.8006183859426097,-1.4559929154497018,Evening,Sunday,Tablet,Other
Video,0.3212889901210547,0.13935799188769032,-0.21711725552245764,-1.4559929154497018,Morning,Monday,Desktop,Other
Video,0.7693482623947019,0.9697652038809481,0.09938666169572555,0.021089812658877927,Night,Tuesday,Tablet,Other
Video,1.2079247987472137,-0.4551032595023171,0.6626418522392266,0.5749958356995952,Morning,Wednesday,Tablet,Other
Video,-0.5653468185051042,-0.6505332470726859,-0.30298659499532365,1.8674432227946025,Night,Thursday,Desktop,Other
Video,0.6152538036762518,0.9112043016821616,0.1181981102344403,1.8674432227946025,Afternoon,Friday,Mobile,Other
Video,-0.32590773649643556,-0.45782702239528383,-0.36421449154764185,1.3135371997538852,Evening,Saturday,Desktop,Other
Video,0.7148225308481734,1.1199126333557436,0.6715293547857542,0.7596311767131677,Evening,Sunday,Desktop,Other
Video,-0.9612510432125067,0.9592106226707017,-0.5374041913172969,1.8674432227946025,Afternoon,Monday,Tablet,Other
Video,-0.5937950262685103,-0.7526743555589415,-0.35169943694130684,-1.0867222334225568,Evening,Tuesday,Desktop,Other
Video,-0.3069422646541648,0.8832857320292515,-0.5398139223284545,2.052078563808175,Afternoon,Wednesday,Mobile,Other
Video,-0.707587857322135,0.7430119430414609,-0.3741384375398288,0.39036049468602285,Night,Thursday,Mobile,Other
Video,-0.14099438603429548,0.3909655891254999,0.4440041073774149,2.052078563808175,Morning,Friday,Mobile,Other
Video,1.5493032919080876,-0.7741239883410552,2.4189730041671926,0.9442665177267402,Night,Saturday,Tablet,Other
Video,-1.0300008786407382,-0.22085965070717092,-0.7655513047930318,0.9442665177267402,Night,Sunday,Mobile,Other
Video,1.3667606254262314,-0.5361352055680797,1.703023782991948,0.7596311767131677,Night,Monday,Desktop,Other
Video,-0.12439959817230856,-1.3481570180338116,-0.2395044339486967,-0.16354552835469452,Afternoon,Tuesday,Desktop,Other
Video,0.8167619420003789,-0.526261565081075,-0.08274236279274025,0.7596311767131677,Afternoon,Wednesday,Tablet,Other
Video,0.6674088512424965,1.2319273823290042,1.0682280836118192,0.39036049468602285,Evening,Thursday,Desktop,Other
Video,0.674520903183348,0.35862090477151887,1.2008669335700575,0.20572515367245037,Morning,Friday,Desktop,Other
Video,0.06762580423068308,-1.3318144406760106,0.6148099872220536,-0.16354552835469452,Evening,Saturday,Desktop,Other
Video,-1.1082334499901052,-1.0451383961912535,-0.835951725839434,-1.0867222334225568,Morning,Sunday,Mobile,Other
Video,0.43034045321411174,-1.3924181650445224,0.5389164159136576,1.3135371997538852,Evening,Monday,Tablet,Other
Video,1.933354096714071,0.9527416857999055,1.864216649878097,-1.2713575744361292,Afternoon,Tuesday,Tablet,Other
Video,0.6816329551241995,0.26907719966523497,0.8553425998734163,-1.4559929154497018,Night,Wednesday,Desktop,Other
Video,-0.2358217452456494,-0.4125444642997106,-0.23180884136467694,-0.348180869368267,Night,Thursday,Tablet,Other
Video,0.7456414225918634,1.2166062160560658,0.4340801613852278,2.052078563808175,Afternoon,Friday,Desktop,Other
Video,1.869345629246407,0.09271355234563347,2.824377857936795,1.1289018587403126,Night,Saturday,Tablet,Other
Video,-0.6720275976178773,-0.5688203602836815,-0.19397865559811564,-0.9020868924089843,Night,Sunday,Tablet,Other
Video,1.7816303219759047,0.5748195844007601,2.71752053868933,-1.4559929154497018,Evening,Monday,Desktop,Other
Video,1.4070622530910568,-1.3164932744030724,2.504712788209351,2.052078563808175,Morning,Tuesday,Tablet,Other
Video,-0.25952858504848786,0.199621245894581,-0.5881899201545985,0.39036049468602285,Afternoon,Wednesday,Tablet,Other
Video,0.4398231891352471,0.6221449646660585,-0.15231362908261503,-0.5328162103818395,Morning,Thursday,Tablet,Other
Video,1.9380954646746387,-0.8473251160895383,1.3426264858500965,1.1289018587403126,Evening,Friday,Desktop,Other
Video,1.7863716899364723,-0.28350619724540777,0.5016821851283503,-0.9020868924089843,Evening,Saturday,Tablet,Other
Video,-0.7146999092629865,0.06615686413920699,-0.3721691949930763,0.5749958356995952,Evening,Sunday,Mobile,Other
Video,-0.9636217271927905,-0.19226014033101949,-0.6587717188039911,1.8674432227946025,Afternoon,Monday,Desktop,Other
Video,1.9973625641817347,0.5053636306301061,1.345398972067235,-1.2713575744361292,Morning,Tuesday,Tablet,Other
Video,-0.7715963247897989,0.829831885254778,-0.33281025514416757,1.8674432227946025,Morning,Wednesday,Desktop,Other
Video,0.1600824794617531,-0.5882271708960701,0.07868370386868269,-0.9020868924089843,Night,Thursday,Desktop,Other
Video,1.2671918982543098,-0.0734359841253421,2.0601303721938304,1.4981725407674578,Afternoon,Friday,Tablet,Other
Video,-0.2476751651470686,-0.28078243435244077,0.21111526513778905,1.1289018587403126,Night,Saturday,Tablet,Other
Video,1.2458557424317551,-0.9688730351881825,1.78428094913163,-0.348180869368267,Evening,Sunday,Tablet,Other
Interactive,-1.1366816577535113,-1.3100243375322762,-1.0613781752703135,-0.9020868924089843,Morning,Monday,Desktop,Other
Article,0.6413313274593742,-1.4121654460185318,0.9192911604705898,-1.2713575744361292,Night,Tuesday,Tablet,Other
Podcast,-0.6103898141304973,-0.8898839112921448,-0.20284024705850182,-1.4559929154497018,Morning,Wednesday,Tablet,Other
Interactive,-0.335390472417571,-1.4489362450735837,-0.17226516541155507,1.4981725407674578,Morning,Thursday,Tablet,Other
Video,-0.2998302127133133,-1.0883781321171015,-0.14047226271595853,1.3135371997538852,Afternoon,Friday,Mobile,Other
Interactive,-0.9754751470942098,0.215963823252382,-1.035778022162531,0.5749958356995952,Night,Saturday,Tablet,Other
Interactive,1.5801221836517776,-1.3416880811630154,1.4623616149098777,1.8674432227946025,Evening,Sunday,Desktop,Other
Infographic,0.10792743189550848,-1.2912984676431294,-0.5516811997812525,-0.9020868924089843,Night,Monday,Tablet,Other
Video,-0.0011240311975484966,0.733478772916077,0.7021044364327013,-1.2713575744361292,Evening,Tuesday,Desktop,Other
Podcast,1.807707845759027,0.3926679409336041,0.3911714027349364,0.5749958356995952,Night,Wednesday,Mobile,Other
Article,-0.21922695738366246,-0.9961106641178508,0.23961745989341748,1.4981725407674578,Afternoon,Thursday,Mobile,Other
Article,1.9215006768126517,-0.05164588098160756,0.7099554955335697,0.20572515367245037,Morning,Friday,Mobile,Other
Interactive,0.24068573479140393,-0.24333069457414727,0.7762101427973352,0.20572515367245037,Night,Saturday,Desktop,Other
Video,0.9352961410145711,1.0426258612678105,0.9184620057140626,-0.16354552835469452,Night,Sunday,Desktop,Other
Interactive,0.28098736245622935,0.0018079657928661993,0.6378190317156882,0.7596311767131677,Night,Monday,Tablet,Other
Podcast,1.0988733356541567,-1.0182412376232062,0.2060885144263417,-0.348180869368267,Evening,Tuesday,Desktop,Other
Video,-0.1907787496202563,-0.9269951807088178,0.18486733487646942,0.39036049468602285,Afternoon,Wednesday,Mobile,Other
Article,-0.020089503039819274,0.6837701001194323,0.2680937435629045,-0.7174515513954118,Night,Thursday,Tablet,Other
Interactive,-0.878277103902572,1.0238999913786637,-0.6273156602282338,0.021089812658877927,Afternoon,Friday,Tablet,Other
Interactive,0.42322840127326017,-1.2953841119825795,-0.0877950245903289,-0.7174515513954118,Night,Saturday,Desktop,Other
Interactive,-1.1912073893000399,-0.71998920084334,-0.9382227828398572,-1.0867222334225568,Morning,Sunday,Desktop,Other
Interactive,0.8523222017046366,1.1784735355545302,0.2946526068579219,-1.0867222334225568,Afternoon,Monday,Desktop,Other
Interactive,1.0135287123639383,0.6316781347914424,0.8862804367263437,-0.348180869368267,Morning,Tuesday,Mobile,Other
Video,0.45878866097751786,-0.3039344189426587,0.34240673861667015,0.7596311767131677,Morning,Wednesday,Mobile,Other
Podcast,0.6223658556171033,-0.6120600962095298,0.7346487606264005,-0.9020868924089843,Morning,Thursday,Tablet,Other
Infographic,-0.2761233729104748,-0.35057885848471554,-0.6022855510155638,0.39036049468602285,Evening,Friday,Mobile,Other
Infographic,-0.14336507001457935,-1.2586133129275274,-0.5673833179829897,1.8674432227946025,Night,Saturday,Mobile,Other
Podcast,1.2055541147669298,0.23230640061018304,1.9880716416343738,-0.5328162103818395,Night,Sunday,Desktop,Other
Infographic,0.46115934495780175,-0.9600208057860404,0.9448394914060895,0.39036049468602285,Afternoon,Monday,Desktop,Other
Article,1.8266733176012977,1.001769417873308,0.8187561462416459,-1.4559929154497018,Afternoon,Tuesday,Desktop,Other
Video,1.8954231530295294,-1.466981174239489,1.9402656877033422,-1.0867222334225568,Morning,Wednesday,Mobile,Other
Video,1.85275084138442,-0.013513200480072233,0.1334597399717722,-1.4559929154497018,Evening,Thursday,Desktop,Other
Article,1.5564153438489392,1.0998248820201137,0.5921377868482582,0.021089812658877927,Night,Friday,Tablet,Other
Interactive,1.2695625822345937,-0.7768477512340219,-0.40038636780114845,0.5749958356995952,Night,Saturday,Mobile,Other
Interactive,1.916759308852084,-1.0648856771652628,2.200827569942069,1.4981725407674578,Morning,Sunday,Tablet,Other
Podcast,0.23120299887026854,-0.09931173160852677,0.32641959846737684,-0.7174515513954118,Morning,Monday,Mobile,Other
Infographic,1.5350791880263845,0.38585853370118695,1.562222940899143,0.5749958356995952,Afternoon,Tuesday,Tablet,Other
Interactive,0.3046942022590678,-0.809192435588003,1.1310883785910506,-0.9020868924089843,Night,Wednesday,Desktop,Other
Article,2.042405559807128,-0.8211088982447329,2.516890998695847,-0.5328162103818395,Morning,Thursday,Tablet,Other
Podcast,-0.7621135888686635,1.2101372791852696,-0.6640057582045701,0.39036049468602285,Afternoon,Friday,Mobile,Other
Video,0.35684924982531246,-1.0577357995712249,0.8196371231704563,1.3135371997538852,Morning,Saturday,Mobile,Other
Interactive,1.8290440015815816,-0.5803963525787906,2.6440626094782327,-0.9020868924089843,Night,Sunday,Tablet,Other
Podcast,-0.4705194592937503,0.7365430061706648,-0.18076400166596057,2.052078563808175,Morning,Monday,Tablet,Other
Infographic,0.6223658556171033,1.093355945149317,-0.515353857010897,-0.16354552835469452,Afternoon,Tuesday,Desktop,Other
Interactive,-0.11965823021174087,-1.0938256579030352,0.5076417349408906,1.6828078817810301,Night,Wednesday,Tablet,Other
Article,-1.0679318223252798,0.4267149770956893,-0.8548668187227146,-0.348180869368267,Night,Thursday,Desktop,Other
Article,-1.0845266101872668,0.044026290633851904,-0.7446928804491401,1.4981725407674578,Afternoon,Friday,Desktop,Other
Infographic,-1.421163735387573,1.161109547111867,-1.1045978669543028,-0.7174515513954118,Afternoon,Saturday,Mobile,Other
Podcast,1.0893905997330213,-0.9542328096384859,1.8570133679307654,0.021089812658877927,Evening,Sunday,Tablet,Other
Infographic,1.2363730065106198,0.8376627035720577,1.4868475913135768,2.052078563808175,Morning,Monday,Mobile,Other
Infographic,-1.0655611383449959,0.9496774525453178,-0.9171570698068335,2.052078563808175,Evening,Tuesday,Mobile,Other
Podcast,-0.03431360692152236,0.6708322263778401,0.6119338566603493,-0.16354552835469452,Afternoon,Wednesday,Mobile,Other
Podcast,-0.8237513723560436,-1.1918811220498406,-1.0472825444093483,-1.0867222334225568,Evening,Thursday,Desktop,Other
Interactive,-1.0631904543647122,-1.0304981706415568,-1.1039760008869073,1.6828078817810301,Afternoon,Friday,Desktop,Other
Video,0.5227971284451818,1.2404391413695255,0.22912347000611777,-0.9020868924089843,Afternoon,Saturday,Tablet,Other
Interactive,0.47301276485922095,-0.9811299682065331,0.2916210097793685,-0.16354552835469452,Evening,Sunday,Desktop,Other
Infographic,1.3217176298008384,-0.6294240846521932,1.6342039382001754,1.3135371997538852,Evening,Monday,Tablet,Other
Podcast,-0.335390472417571,0.2649915553257846,-0.30257201761705993,0.9442665177267402,Evening,Tuesday,Mobile,Other
Podcast,-1.3358191120973546,-0.14255146753437506,-0.9960045049353584,-0.16354552835469452,Evening,Wednesday,Desktop,Other
Infographic,1.6725788588828476,-0.5146855727859662,0.9954179315542592,-1.4559929154497018,Morning,Thursday,Mobile,Other
Podcast,-0.7526308529475281,0.8853285541989767,-0.4959723645770696,1.3135371997538852,,Friday,Mobile,Other
Article,0.13637563965891464,0.6248687275590253,0.17556525495167788,1.4981725407674578,Afternoon,Saturday,Desktop,Other
Article,1.4094329370713408,1.1297862738427487,2.4192580261147487,-0.5328162103818395,Afternoon,Sunday,Mobile,Other
Infographic,-1.1912073893000399,1.1277434516730234,-0.8863487883846134,1.4981725407674578,Evening,Monday,Desktop,Other
Article,-0.7099585413024189,1.1563429620491752,-0.2000936719275049,-1.4559929154497018,Morning,Tuesday,Desktop,Other
Infographic,1.2766746341754451,-0.4193538715321275,0.29701051569679654,-1.4559929154497018,Evening,Wednesday,Mobile,Other
Video,1.6085703914151839,-0.4534009076942127,1.1236259857823043,-1.0867222334225568,Evening,Thursday,Tablet,Other
Video,0.20038410712657853,0.20677112348861915,-0.6501174160327367,-1.2713575744361292,Evening,Friday,Tablet,Other
Video,-1.0584490864041445,-0.5899295227041745,-0.9645484463596012,0.021089812658877927,Morning,Saturday,Desktop,Other
Interactive,-0.8427168441983143,-0.6685781762385911,-0.8020082029940947,-1.0867222334225568,Night,Sunday,Tablet,Other
Article,0.7574948424932827,-1.246015909547556,0.796913100624378,-0.348180869368267,Afternoon,Monday,Tablet,Other
Video,-1.3405604800579223,0.3021028247424576,-1.032539136394846,1.3135371997538852,Afternoon,Tuesday,Desktop,Other
Article,0.12452221975749542,-0.5477111978631888,0.7283264556078793,-1.2713575744361292,Morning,Wednesday,Mobile,Other
Video,0.551245336208588,0.3620256083877277,0.22702467202865798,1.4981725407674578,Morning,Thursday,Mobile,Other
Video,0.19090137120544315,-0.4871074734946771,0.6832411657217036,-1.4559929154497018,Afternoon,Friday,Mobile,Other
Article,-0.8000445325532051,-0.8803507411667609,-0.4642571951398977,-0.7174515513954118,Morning,Saturday,Mobile,Other
Interactive,1.2458557424317551,-1.3277287963365603,-0.3459730869040396,2.052078563808175,Night,Sunday,Desktop,Other
Interactive,1.8314146855618656,0.2677153182187514,1.4917706976804577,2.052078563808175,Night,Monday,Desktop,Other
Article,0.1292635877180631,-0.062200462191854045,0.8863581699847684,1.8674432227946025,Evening,Tuesday,Desktop,Other
Podcast,0.13163427169834696,-0.2875918415848579,-0.13627466676103867,-0.7174515513954118,Morning,Wednesday,Mobile,Other
Video,-1.1485350776549306,-0.3015511264113127,-1.094414810100701,-1.4559929154497018,Afternoon,Thursday,Mobile,Other
Article,1.139174963318982,-0.2634184459097774,2.00970739856251,1.3135371997538852,Night,Friday,Mobile,Other
Infographic,-0.26901132096962327,0.27009861075009756,0.3192681386923283,-0.348180869368267,Night,Saturday,Tablet,Other
Video,0.24305641877168777,0.1979188940864768,0.23205142274010532,0.5749958356995952,Evening,Sunday,Mobile,Other
Article,-1.0608197703844282,0.5959287468212526,-0.9370567839634906,0.9442665177267402,Afternoon,Monday,Desktop,Other
Article,1.5232257681249652,-1.3573497177975746,-0.3892446007603118,0.9442665177267402,Afternoon,Tuesday,Desktop,Other
Infographic,0.845210149763785,-0.17693897405808104,1.1103595096778662,1.3135371997538852,Morning,Wednesday,Desktop,Other
Article,-0.6175018660713488,-0.9964511344794715,-0.5550237298935035,-0.7174515513954118,Evening,Thursday,Tablet,Other
Video,-1.3713793718016123,1.1168484001011565,-1.1672508732444025,2.052078563808175,Afternoon,Friday,Tablet,Other
Video,1.5303378200658169,1.073949134536929,-0.48882090480202106,-0.7174515513954118,Night,Saturday,Mobile,Other
Podcast,-0.2026321695216755,1.1025486449130806,-0.048565640172127604,-1.2713575744361292,Morning,Sunday,Mobile,Other
Interactive,-0.2476751651470686,0.2649915553257846,0.2538426461850903,2.052078563808175,Night,Monday,Tablet,Other
Article,0.2098668430477139,-1.1183395239397365,0.24010977053010546,1.8674432227946025,Afternoon,Tuesday,Mobile,Other
Infographic,2.0139573520437217,-0.4166301086391607,3.1766649851163624,-1.4559929154497018,Evening,Wednesday,Tablet,Other
Interactive,1.3999502011502052,-0.9351664693877183,2.2963617445457074,0.7596311767131677,Night,Thursday,Mobile,Other
Interactive,-1.3974568955847346,-1.418634382889328,-1.168727805154467,1.8674432227946025,Afternoon,Friday,Desktop,Other
Article,0.36159061778588014,-1.2742749495620869,0.5907904103689013,-0.16354552835469452,Evening,Saturday,Mobile,Other
Video,0.008358704723586893,-1.4050155684244938,0.5158037270754572,0.021089812658877927,Afternoon,Sunday,Mobile,Other
Video,1.466329352598153,-0.5194521578486582,1.6889799743032654,-0.9020868924089843,Afternoon,Monday,Mobile,Other
Video,0.30232351827878395,-0.7002419198693304,0.7702246818986531,0.021089812658877927,Night,Tuesday,Mobile,Other
Video,0.7551241585129989,1.229544089797658,1.2751021953653987,1.6828078817810301,Evening,Wednesday,Tablet,Other
Article,0.9661150327582612,-0.54022084990753,1.4254642282444094,-0.7174515513954118,Morning,Thursday,Desktop,Other
Video,1.8764576811872586,0.54690101474785,2.0411634571382673,1.4981725407674578,Afternoon,Friday,Desktop,Other
Podcast,-1.2789226965705423,-0.4070969385137769,-1.036425799316068,0.7596311767131677,Night,Saturday,Mobile,Other
Video,0.23120299887026854,-1.3226217409122476,-0.6348039641231217,1.8674432227946025,Night,Sunday,Tablet,Other
Podcast,-1.2457331208465683,1.1376170921600284,-1.0496922754205058,2.052078563808175,Morning,Monday,Mobile,Other
Article,0.5915469638734133,-1.2415897948464847,0.37953732505741167,-0.7174515513954118,Morning,Tuesday,Tablet,Other
Podcast,1.2363730065106198,0.03994064629440153,1.1945705396376776,-0.9020868924089843,Morning,Wednesday,Desktop,Other
Podcast,1.3596485734853798,-1.159195967334239,1.8606668310767145,0.20572515367245037,Night,Thursday,Tablet,Other
Video,1.4426225127953145,0.028364653999292687,-0.3738015934199896,0.39036049468602285,Evening,Friday,Tablet,Other
Infographic,0.1340049556786308,0.4056058146751968,0.8796212875879834,0.5749958356995952,Morning,Saturday,Desktop,Other
Article,0.7385293706510119,-1.239206502315139,-0.46568230487767903,0.7596311767131677,Evening,Sunday,Mobile,Other
Podcast,1.3999502011502052,0.770249571971129,-0.3377333615110488,-1.2713575744361292,Morning,Monday,Desktop,Other
Video,-1.3571552679199093,1.218989508587412,-1.1578710600611866,-1.4559929154497018,Night,Tuesday,Desktop,Other
Infographic,1.8124492137195947,1.1117413446768434,2.4601975422182876,0.7596311767131677,Morning,Wednesday,Tablet,Other
Interactive,1.3146055778599868,0.4604215428961539,0.4887525531437515,1.8674432227946025,Evening,Thursday,Desktop,Other
Podcast,-0.37095073212182866,0.4522502542172531,-0.4907901473487735,0.20572515367245037,Afternoon,,Tablet,Other
Podcast,-1.3334484281170706,-0.7775286919572638,-1.0888957487525657,1.6828078817810301,Afternoon,Saturday,Tablet,Other
Infographic,1.5232257681249652,0.5499652480024378,1.3440256845017367,-0.16354552835469452,Afternoon,Sunday,Tablet,Other
Infographic,0.5393919163071687,0.5588174774045801,1.0731511899787003,-1.0867222334225568,Morning,Monday,Desktop,Other
Interactive,-0.6009070782093618,-0.4472724411850374,-0.06540784616408987,1.4981725407674578,Morning,Tuesday,Desktop,Other
Interactive,1.9712850403986124,-0.8592415787462682,2.8473869024304297,-0.5328162103818395,Night,Wednesday,Tablet,Other
Podcast,-1.2884054324916776,1.1733664801302177,-1.1528443093497394,1.1289018587403126,Night,Thursday,Desktop,Other
Podcast,1.3549072055248121,1.050116209223469,-0.44259552712562006,-0.7174515513954118,Morning,Friday,Desktop,Other
Interactive,1.5398205559869522,-1.2630394276285986,1.7690711415665814,1.1289018587403126,Night,Saturday,Mobile,Other
Article,1.5540446598686553,-0.6661948837072451,0.1882098649887203,-1.4559929154497018,Evening,Sunday,Desktop,Other
Podcast,1.885940417108394,-0.4217371640634735,2.113403565300714,0.39036049468602285,Morning,Monday,Desktop,Other
Interactive,1.030123500225925,-1.3107052782555177,1.9968036776640523,-0.5328162103818395,Evening,Tuesday,Tablet,Other
Article,0.8783997254877589,-0.5541801347339849,-0.4050503633066149,-0.9020868924089843,Night,Wednesday,Mobile,Other
Podcast,-1.2125435451225945,-0.843579942111709,-1.0192985713765494,-0.7174515513954118,Morning,Thursday,Desktop,Other
Podcast,-1.328707060156503,-0.23379752444876337,-1.1172424769913454,1.4981725407674578,Evening,Friday,Mobile,Other
Infographic,1.4781827724995722,0.7481189984657733,0.45491267464297824,1.3135371997538852,Morning,Saturday,Tablet,Other
Infographic,0.766977578414418,-1.2606561350972525,-0.37706639027381605,-0.5328162103818395,Evening,Sunday,Desktop,Other
Interactive,0.6674088512424965,0.20234500878754774,0.9868931842137122,-1.2713575744361292,Night,Monday,Desktop,Other
Article,-1.4021982635453023,0.8907760799849107,-1.0862009957938517,0.7596311767131677,Morning,Tuesday,Tablet,Other
Video,1.0135287123639383,-0.44284632648396643,-0.5801056612784565,1.1289018587403126,Morning,Wednesday,Tablet,Other
Interactive,-1.0062940388378998,0.5734577029542764,-0.8928265599199835,1.4981725407674578,Evening,Thursday,Tablet,Other
Article,-1.1769832854183369,-0.7237343748211693,-0.9871947356472551,1.3135371997538852,Afternoon,Friday,Desktop,Other
Video,0.5251678124254656,0.7457357059344276,1.149822093871341,-0.5328162103818395,Afternoon,Saturday,Mobile,Other
Interactive,0.40189224545070557,0.6262306090055084,0.365260316593456,-0.7174515513954118,Evening,Sunday,Tablet,Other
Video,0.26676325857452626,-0.7945522100383065,0.8201035227210028,0.9442665177267402,Morning,Monday,Mobile,Other
Article,-1.423534419367857,0.1825977278135384,-1.110971994145107,-1.4559929154497018,Afternoon,Tuesday,Mobile,Other
Podcast,0.6626674832819287,-1.3406666700781529,1.0558425844361916,-0.16354552835469452,Evening,Wednesday,Mobile,Other
Interactive,-1.0608197703844282,-0.1711509779105265,-0.8696361378233586,-1.0867222334225568,Afternoon,Thursday,Desktop,Other
Interactive,1.7271045904293763,0.03483359087008903,2.5043759440895124,-0.7174515513954118,Night,Friday,Mobile,Other
Infographic,0.9210720371328681,-0.3693047283738623,1.6420549973010439,1.3135371997538852,Morning,Saturday,Mobile,Other
Video,0.39240950952957016,0.5884383988655939,-0.7288093846444126,-1.2713575744361292,Morning,Sunday,Tablet,Other
Article,-1.2481038048268522,-1.0968898911576228,-1.0893880593892538,-1.2713575744361292,Night,Monday,Tablet,Other
Video,0.4848661847606402,0.26567249604902665,0.5476743630294779,1.8674432227946025,Night,Tuesday,Tablet,Other
Interactive,-0.366209364161261,0.02291712821335893,-0.05810091987219241,-1.4559929154497018,Evening,Wednesday,Desktop,Other
Article,0.9068479332511651,-0.6566617135818612,1.7140878167743598,0.20572515367245037,Morning,,Tablet,Other
Interactive,-1.2338797009451492,-1.0676094400582297,-0.8730304901078925,1.4981725407674578,Morning,Friday,Mobile,Other
Interactive,1.7840010059561886,-1.2878937640269206,2.271435279677603,-0.7174515513954118,Evening,Saturday,Desktop,Other
Infographic,-0.1315116501131601,-0.5221759207416249,0.022223447166396834,0.39036049468602285,Night,Sunday,Desktop,Other
Interactive,-1.3239656921959353,-1.2616775461821153,-1.1185639423845608,1.3135371997538852,Evening,Monday,Mobile,Other
Infographic,-1.2006901252211752,0.43182203252000223,-1.0077940491297321,-0.9020868924089843,Evening,Tuesday,Mobile,Other
Interactive,-0.5724588704459557,-0.347174154868507,-0.2970529562689246,-1.0867222334225568,Morning,Wednesday,Tablet,Other
Infographic,0.15534111150118543,-0.9988344270108176,0.3638870290279576,1.8674432227946025,Morning,Thursday,Desktop,Other
Interactive,1.9570609365169094,-0.5283043872508002,2.654193844159552,0.20572515367245037,Morning,Friday,Mobile,Other
Video,-0.15995985787656627,-1.1397891567218503,-0.7795173802232898,0.9442665177267402,Morning,Saturday,Tablet,Other
Article,-0.1315116501131601,-0.5691608306453025,-0.7108789130345082,0.021089812658877927,Evening,,Tablet,Other
Podcast,0.456417976997234,0.24183957073556692,0.9305365718559924,1.1289018587403126,Night,Monday,Tablet,Other
Podcast,1.1344335953584144,1.0399020983748437,1.8842977416377442,1.4981725407674578,Evening,Tuesday,Mobile,Other
Interactive,1.063313075949899,-1.2381850912302765,1.786094725161534,-1.0867222334225568,Afternoon,Wednesday,Tablet,Other
Interactive,1.6014583394743322,-0.006703793247655098,2.813598846101939,0.9442665177267402,Night,Thursday,Desktop,Other
Video,-0.3022008966935971,-0.02134401879735172,0.05046653106061056,0.9442665177267402,Night,Friday,Mobile,Other
Video,0.23120299887026854,0.47472129808422925,-0.34724273012497214,0.9442665177267402,Evening,Saturday,Mobile,Other
Video,-0.5653468185051042,-1.1765599557769022,-0.4570539131925661,-1.0867222334225568,Afternoon,Sunday,Tablet,Other
Video,1.0372355521667767,0.5400916075154328,-0.35701120960031024,-0.348180869368267,Evening,Monday,Desktop,Other
Article,1.6488720190800092,-0.5763107082393402,0.2129808633399757,0.5749958356995952,Night,Tuesday,Desktop,Other
Infographic,-0.15284780593571473,0.1485506916514532,0.3986597066298242,-0.9020868924089843,Afternoon,Wednesday,Desktop,Other
Infographic,1.9357247806943547,-0.11054725354201483,2.508055318321602,1.1289018587403126,Evening,Sunday,Mobile,Other
Article,-0.8853891558434236,0.13016529212392747,-0.7098165585027074,-0.16354552835469452,Afternoon,Sunday,Desktop,Other
Podcast,1.8764576811872586,-0.4367178599747911,1.6160143557288562,-0.7174515513954118,Night,Sunday,Desktop,Other
Infographic,0.21460821100828162,0.08624461547483736,0.379666880488119,0.7596311767131677,Morning,Monday,Desktop,Other
Podcast,1.8954231530295294,-1.1912001813265989,0.41936266445686704,-0.5328162103818395,Night,Tuesday,Mobile,Other
Podcast,0.053401700348979994,-0.9600208057860404,-0.5904182735627657,0.021089812658877927,Evening,Wednesday,Desktop,Other
Infographic,0.3734440376872994,-1.418634382889328,-0.6868852472674973,-0.7174515513954118,Evening,Thursday,Mobile,Other
Video,-0.1267702821525924,0.9738508482203985,0.5893134784588371,0.39036049468602285,Night,Friday,Tablet,Other
Article,-1.4164223674270053,1.1876662353182936,-1.18313436904913,-0.5328162103818395,Morning,Saturday,Mobile,Other
Video,0.8191326259806627,0.48868058291068456,1.3810008044256292,1.8674432227946025,Night,Sunday,Mobile,Other
Interactive,-1.0157767747590352,-0.9589993947011778,-0.6932334633721599,-0.9020868924089843,Night,Monday,Mobile,Other
Video,0.2904700983773647,-0.8081710245031404,0.1799442285095882,0.9442665177267402,Morning,Tuesday,Desktop,Other
Infographic,-0.6672862296573095,-0.08977856148314288,-0.9408916247124297,-0.9020868924089843,Morning,Saturday,Mobile,Other
Interactive,0.5773228599917103,-1.3270478556133187,0.45835884909979496,1.6828078817810301,Night,Saturday,Desktop,Other
Podcast,-1.4021982635453023,0.026662302191188283,-1.1250158028337893,-1.2713575744361292,Morning,Sunday,Tablet,Other
Interactive,-1.3950862116044507,-1.2289923914665133,-1.1044164893513124,-0.7174515513954118,Morning,Monday,Mobile,Other
Infographic,-0.645950073834755,0.1539982174373872,-0.3099566771673819,-0.5328162103818395,Morning,Tuesday,Mobile,Other
Infographic,1.994991880201451,1.0633945533266824,0.8927582082617138,0.5749958356995952,Evening,Wednesday,Desktop,Other
Interactive,-0.6340966539333357,1.2305655008825205,-0.13505684571238918,-1.2713575744361292,Morning,Sunday,Desktop,Other
Video,-0.03194292294123851,1.0552232646477822,-0.2746657778426856,-0.16354552835469452,Morning,Sunday,Mobile,Other
Article,0.643702011439658,0.7093053772409962,1.0208107959729102,-1.0867222334225568,Afternoon,Sunday,Tablet,Other
Infographic,0.2928407823576486,-0.8262159536690457,-0.4457566796348806,0.9442665177267402,Evening,Sunday,Desktop,Other
Video,1.9736557243788964,-0.6069530407852171,2.999018578530373,1.6828078817810301,Morning,Monday,Mobile,Other
Video,-0.7241826451841219,0.47574270916909184,-0.6516720812012254,-0.5328162103818395,Afternoon,Tuesday,Mobile,Other
Interactive,1.0562010240090474,0.10463001500236357,0.5801668650508943,1.4981725407674578,Morning,Wednesday,Mobile,Other
Interactive,1.5350791880263845,-0.019641666989247557,0.7579687381537328,-0.16354552835469452,Morning,Sunday,Mobile,Other
Article,-1.1793539693986206,-1.1500032675704757,-0.916638848084004,-0.5328162103818395,Evening,Sunday,Tablet,Other
Infographic,-0.05327907876379314,-0.55622295690371,0.10329923570308906,2.052078563808175,Evening,Sunday,Tablet,Other
